sample_index,id,title,abstract,assigned_theme,assigned_domain,assigned_confidence,audit_verdict,theme_level_ok,reason,suggested_theme,suggested_domain
1,69deca3f4e2d2a5b77ed8d0d,Dynamics modelling of hexaslides using the decoupled natural orthogonal complement matrices,"In this paper, dynamic model of a class of parallel systems, namely, the hexaslides, is proposed. The model developed is based on the concept the decoupled natural orthogonal complement (DeNOC) matrices, introduced elsewhere. The dynamic model of hexslides, though complex due to the existence of multi-loop kinematic chains, is required for actuator power estimation, computed-torque control, optimum tool trajectory generation, etc. The use of DeNOC offers many physical interpretations, recursive algorithms, and parallel computations. Using the proposed dynamic model, a parallel inverse dynamics algorithm has been presented to compute the actuator forces. This is useful to choose suitable motors for an application. An illustration is provided using an existing machine tool based on hexaslides, namely, the HexaM, while it is carrying out a circular contouring. Secondly, the effect of leg and slider inertias is also studied, which clearly suggests that neither of these can be neglected while finding the actuator forces. © Springer 2006.",Manufacturing & Industry 4.0,Rotor Dynamics & Vibration Analysis,0.72,borderline,yes,Robot dynamics/control paper; rotor-vibration fit is partial.,"AI/ML, Supercomputing & Quantum Computing",Control Systems & Linear Dynamical Systems
2,69deca024e2d2a5b77ecffaf,Sublinear Algorithms for Hierarchical Clustering,"Hierarchical clustering over graphs is a fundamental task in data mining and machine learning with applications in many domains including phylogenetics, social network analysis, and information retrieval. Specifically, we consider the recently popularized objective function for hierarchical clustering due to Dasgupta [20], namely, minimum cost hierarchical partitioning. Previous algorithms for (approximately) minimizing this objective function require linear time/space complexity. In many applications the underlying graph can be massive in size making it computationally challenging to process the graph even using a linear time/space algorithm. As a result, there is a strong interest in designing algorithms that can perform global computation using only sublinear resources (space, time, and communication). The focus of this work is to study hierarchical clustering for massive graphs under three well-studied models of sublinear computation which focus on space, time, and communication, respectively, as the primary resources to optimize: (1) (dynamic) streaming model where edges are presented as a stream, (2) query model where the graph is queried using neighbor and degree queries, (3) massively parallel computation (MPC) model where the edges of the graph are partitioned over several machines connected via a communication channel. We design sublinear algorithms for hierarchical clustering in all three models above. At the heart of our algorithmic results is a view of the objective in terms of cuts in the graph, which allows us to use a relaxed notion of cut sparsifiers to do hierarchical clustering while introducing only a small distortion in the objective function. Our main algorithmic contributions are then to show how cut sparsifiers of the desired form can be efficiently constructed in the query model and the MPC model. We believe this relaxed notion of cut sparsifiers may be of broader interest. We complement our algorithmic results by establishing nearly matching lower bounds that rule out the possibility of designing algorithms with better performance guarantees in each of these models.","AI/ML, Supercomputing & Quantum Computing",Algorithms & Computational Complexity,0.95,correct,yes,,,
3,69deca4a4e2d2a5b77eda7f1,Integration and prediction difficulty in hindi sentence comprehension: Evidence from an eye-tracking corpus,"This is the first attempt at characterizing reading difficulty in Hindi using naturally occurring sentences. We created the Potsdam-Allahabad Hindi Eyetracking Corpus by recording eye-movement data from 30 participants at the University of Allahabad. India. The target stimuli were 153 sentences selected from the beta version of the Hindi-Urdu treebank. We find that word- or low-level predictors (syllable length, unigram and bigram frequency) affect first-pass reading times, regression path dura- tion, total reading time, and outgoing saccade length. An increase in syllable length results in longer fixations, and an increase in word unigram and bigram frequency leads to shorter fixations. Longer syllable length and higher frequency lead to longer outgoing saccades. We also find that two predictors of sentence comprehension diffi- culty, integration and storage cost, have an effect on reading difficulty. Integration cost (Gibson, 2000) was approximated by calculating the distance (in words) between a dependent and head; and storage cost (Gibson, 2000), which measures difficulty of maintaining predictions, was estimated by counting the number of predicted heads at each point in the sentence. We find that integration cost mainly affects outgoing saccade length, and storage cost affects total reading times and outgoing saccade length. Thus, word-level predictors have an effect in both early and late measures of reading time, while predictors of sentence comprehension difficulty tend to affect later measures. This is, to our knowledge, the first demonstration using eye-tracking that both integration and storage cost influence reading difficulty.","Social Sciences, Humanities & Management",Computational Linguistics & Language Processing,0.85,correct,yes,,,
4,69deca2c4e2d2a5b77ed664f,Validation of the use of POSSUM score in enteric perforation peritonitis - results of a prospective study,"Introduction: The objective of the study was to present our last 5-years experience of peritonitis and validate POSSUM score in predicting mortality and morbidity in patients of enteric perforation (EP) peritonitis. Methods: Data was collected prospectively for all peritonitis cases admitted in single surgical unit from January 2005 to December 2009. Parameters for calculating POSSUM were also retrieved; in these patients, O:E (Observed vs. Expected) ratio of mortality and morbidity were estimated after calculating predicted mortality and morbidity by exponential regression equations. Results: 887 patients with peritonitis were admitted and treated in this unit during the 5 years of study period. Duodenal (n=431; 48%) followed by ileal (n=380; 42.8%) perforations were the commonest. Mean age of the patients was 34 years and 86% were males. Mean delay in presentation was 78.5 hrs. Mean duration of hospital and ICU stay was 13 and 7.2 days. Postoperative complications were seen in 481 (54%) patients, and 90 (10%) patients died. POSSUM scores and predicted mortality/morbidity were calculated in 380 patients of ileal perforation peritonitis; O:E ratio of mortality and morbidity were 0.47 and 0.85 in these patients. Conclusion: POSSUM and P-POSSUM are accurate tools for predicting morbidity and mortality respectively in EP patients. Though they may sometime over or under predict morbidity as well as mortality. © Sunil Kumar et al.",Healthcare & MedTech,Clinical Diagnostics & Biomarkers,0.92,correct,yes,,,
5,69deca474e2d2a5b77eda002,Observation of magnetic intermartensitic phase transition in off-stochiometric Ni-Mn-Ga single crystal,"We report the temperature dependence of electrical resistivity and magnetization for the off-stochiometric Ni<inf>49</inf>Mn<inf>29</inf>Al <inf>22</inf> single crystal. Resitivity data give the clear evidence of intermartensitic structural transformation at ∼273 K, followed by a martensitic transformation at ∼341 K. Intermartensitic phase transformation is also observed in the magnetization versus temperature data. © 2005 IEEE.",Advanced Materials & Devices,Alloys & Structural Metals,0.92,correct,yes,,,
6,69deca034e2d2a5b77ed0179,Irrigation of world agricultural lands: Evolution through the Millennia,"Many agricultural production areas worldwide are characterized by high variability of water supply conditions, or simply lack of water, creating a dependence on irrigation since Neolithic times. The aim of this paper is to provide an overview of the evolution of irrigation of agricultural lands worldwide, based on bibliographical research focusing on ancient water management techniques and ingenious irrigation practices and their associated land management practices. In ancient Egypt, regular flooding by the Nile River meant that early agriculture probably consisted of planting seeds in soils that had been recently covered and fertilized with floodwater and silt deposits. On the other hand, in arid and semi-arid regions farmers made use of perennial springs and seasonal runoff under circumstances altogether different from the river civilizations of Mesopotamia, Egypt, India, and early dynasties in China. We review irrigation practices in all major irrigation regions through the centuries. Emphasis is given to the Bronze Age civilizations (Minoans, Egyptians, and Indus valley), pre-Columbian, civilizations from the historic times (e.g., Chinese, Hellenic, and Roman), late-Columbians (e.g., Aztecs and Incas) and Byzantines, as well as to Ottomans and Arabs. The implications and impacts of irrigation techniques on modern management of water resources, as well as on irrigated agriculture, are also considered and discussed. Finally, some current major agricultural water management challenges are outlined, concluding that ancient practices could be adapted to cope with present challenges in irrigated agriculture for increasing productivity and sustainability.","Social Sciences, Humanities & Management",Agricultural Economics & Consumer Behavior,0.72,borderline,no,Historical irrigation overview fits water-resources framing better.,Smart & Sustainable Infrastructure,Hydrology & Water Resources Management
7,69deca444e2d2a5b77ed9778,Characterization and modeling of the effect of environmental degradation on interlaminar shear strength of carbon/epoxy composites,"Accelerated ageing experiments have been conducted to address durability issues of carbon/epoxy composites to be used for emerging facilities and infrastructure, such as, bridges and buildings, in different climatic zones. The degradation of carbon/epoxy composites under UV, hygrothermal exposure, and applied tensile stress has been investigated. The tests were designed to capture the synergistic effects of field exposure and extreme temperatures, viz., hot/dry, hot/wet, cold/dry, and cold/wet conditions. Short beam shear tests (SBST) were performed for the determination of interlaminar shear strength (ILSS) of conditioned composite specimens. The hot/dry samples showed increased strength, while the hot/wet ones showed a decrease in strength. It is conjectured that conditioning at 90 °C possibly contributed to an increase in the ILSS from post curing. For the hot/wet samples (90 °C, immersed in water) the results indicate that strength degradation due to moisture-induced hydrolysis overshadowed the post-curing effect. The samples subjected to shear stress under hot conditions (90 °C) showed a higher ILSS, possibly due to improved crosslink density arising from post-cure. There is insignificant variation in the ILSS of UV treated and the UV untreated control samples. All the SBST test data reported in this work are from tests performed at room temperature and ambient humidity after environmental ageing. A two-dimensional cohesive layer constitutive model with a prescribed traction-separation law constructed from the basic principles of continuum mechanics, taking into account hygrothermal mechanisms that are likely to occur within a cohesive bi-material interface, such as between adjacent plies in a laminate, was applied to simulate interlaminar failure in the SBST specimens, using Finite Element Analysis (FEA). A phenomenological predictive model was developed using the finite element results. ©Smithers Rapra Technology, 2008.",Advanced Materials & Devices,Composite & Laminate Structures,0.92,correct,yes,,,
8,69dec9ff4e2d2a5b77ecf945,Study on the liquid flow behaviour of cotton wick,"The present paper reports the interaction effect of yarn twist, yarn count and number of plies on wicking behaviour of plied cotton yarn. A three-variable factorial design technique proposed by Box & Behnken was used to investigate the combined interaction effect of the above variables. Both the vertical as well as horizontal wicking experiments were carried out with liquids of varying surface tensions, like distilled water, saline water and petrol. Each wick samples were subjected to nine different types of wicking related tests. The yarn count and number of plies in the cotton wick was found to play major role in wicking related properties, whereas the effect of twist in plied cotton wick was not that prominent when the twist per unit length of single and plied yarns were the same and in opposite direction. The rate of vertical wicking for saline water was found to be significantly lower than that of distilled water. The rate of horizontal wicking for distilled water was less than that of vertical wicking of distilled water. Use two or three parallel strands instead of one resulted in marked increase of vertical wicking.",Manufacturing & Industry 4.0,Textile Manufacturing & Fabric Properties,0.92,correct,yes,,,
9,69deca194e2d2a5b77ed3959,"Dealkylation reactions of trialkylamines with 1,3,5-trichloro-1,2,4,6-cyclothiatriazine: A novel route to regiospecific dialkylamino substitution on cyclocarbathiazines","Reaction of trialkylamines and diamines with 1,3,5-trichloro-1,2,4,6-cyclothiatriazine, (CICNMCISN), is found to result in the facile cleavage of a C-N bond of the tertiary amine and regiospecific substitution of the dialkylamino group on the carbon atoms of the heterocycle. Reaction of (CICN)<inf>2</inf>(CISN) with tetramethylmethylenediamine in diethyl ether at room temperature gives the thiatriazine with dimethylamino groups substituted on the ring carbon atoms, [(Me<inf>2</inf>N)CN]<inf>2</inf>(CISN) (1). © 1999 American Chemical Society.",Advanced Materials & Devices,Organometallic & Chalcogenide Synthesis,0.75,correct,yes,,,
10,69deca5f4e2d2a5b77edd3b9,The Evolving Role of Public R& D and Public Research Organizations in Innovation,"Public research and development plays a crucial role in technological advances and development and indirectly contributes to economic growth. Business sectors depend on public research to produce innovations of commercial significance, and many countries have, since the late 1970s, changed their legislation to regulate or facilitate IP ownership and promote increased commercialization of the results of public research. These “third mission” policies were intended to increase the economic effect of public investments in research and development. Maximization of the economic impact of academic research will happen only when the private sector uses and builds on research done in the public sector and when industrial research complements and also guides basic research. The chapter explores cross-country trends in public research and development and outlines the challenges faced by high, middle- and low-income countries in increasing their research and development and knowledge transfer capabilities.","Social Sciences, Humanities & Management",Digital Transformation & IT Applications,0.75,incorrect,yes,"Public R&D policy/innovation systems, not primarily IT applications.","Social Sciences, Humanities & Management",International Business & Finance
11,69deca104e2d2a5b77ed23d4,Steady-state analysis of a self-controlled synchronous motor,"This paper deals with a simple mathematical model for steady-state analysis of a self-controlled synchronous motor in terms of d,q variables. The flux linkage of the damper winding is considered constant under steady-state conditions. With the input voltage to the synchronous motor and the machine equations in d,q form, torque-current and speed-current relations are developed. The computed results are given and discussed in detail for a 3 kVA, three-phase, 400 V, four-pole, inverter fed synchronous motor and it is shown that this system has the same characteristics as a conventional DC motor.",Manufacturing & Industry 4.0,Electric Motor Drives & Power Electronics,0.92,correct,yes,,,
12,69dec9fd4e2d2a5b77ecf2fc,A broadband circularly polarized Fabry Perot antenna with spatially separated superstrate area excitation for CubeSat applications,"This article describes the development of a high-gain, broadband, circularly polarized Fabry–Perot cavity (FPC) antenna for high-data-rate communication in CubeSat/SmallSat applications. In this work, the concept of spatially separated superstrate area excitation is developed for the first time in FPC antennas. This concept is then validated and applied to increase the gain and the axial ratio bandwidth of a conventional narrowband circularly polarized source patch antenna. The antenna’s design leverages independent control of polarization at different frequencies, resulting in a large overall bandwidth. The fabricated prototype antenna provides right hand circular polarization with a peak measured gain of 15.73 dBic over a common bandwidth of 1.03 GHz ranging from 7.99 GHz to 9.02 GHz. The gain variation over the bandwidth is less than 1.3 dBic. The antenna measures 80 mm × 80 mm × 21.14 mm and is simple, lightweight, easily integrable with CubeSat body, and useful for X-Band data downlink. When integrated with the metallic body of a 1U CubeSat, the simulated gain of the antenna increases to 17.23 dBic, with a peak measured gain of 16.83 dBic. A deployment method is proposed for this antenna that results in a total stowed volume of only 2.13λ<inf>o</inf> × 2.13λ<inf>o</inf> × 0.084λ<inf>o</inf> (0.38 λo3).",Next-Gen Communication,Antenna Design & RF Systems,0.95,correct,yes,,,
13,69deca594e2d2a5b77edc974,Efficient conversion of glucose to HMF using organocatalysts with dual acidic and basic functionalities - A mechanistic and experimental study,"Glucose conversion to 5-hydroxymethyl furfural (HMF) was carried out using either amino (basic), sulfonic acid (Bronsted acidic) or both the functionalities containing organocatalysts. Sulfanilic acid with both the functionalities, was found to be a promising multifunctional catalyst yielding 44% HMF. Glucose to HMF is a two-step reaction pathway comprising of (i) glucose isomerization to fructose under basic conditions (ii) fructose dehydration to HMF under acidic conditions. The overall detailed reaction mechanism was studied using density functional theory (DFT). The transformation of open chain glucose to ene-diol intermediate through Lobry de Bruyn–van Ekenstein rearrangement was found to be the rate limiting step with highest energy barrier of 25.2 kcal/mol during glucose isomerization to fructose. The heats of the reactions of two exothermic reactions namely glucose isomerization to fructose and fructose dehydration to HMF are 3.7 kcal/mol and 33.1 kcal/mol respectively.","Energy, Sustainability & Climate Change",Carbon Utilization & Chemical Conversion,0.85,correct,yes,,,
14,69deca0e4e2d2a5b77ed1eac,An Implementation of Solar PV Array Based Multifunctional EV Charger,"In this paper, a solar PV (Photo-voltaic) array based EV (Electric Vehicle) charger is proposed, which has a bi-directional flow of active and reactive powers. The proposed charger uses a solar PV array energy to charge the EV battery and to feed the grid with the remaining power. In this charger, the VSC (Voltage Source Converter) does the task of harnessing the maximum power from the solar PV array. At the time of high cost of energy, the charger has the provision to inject the battery energy into the grid to earn revenue. In addition to the active power exchange with the grid, the proposed charger also exchanges the reactive power with the grid, simultaneously. In all operating modes, the THD (Total Harmonic Distortion) of the grid current remains within the IEEE 519 standard. The proposed charger is designed for a single phase 230V, 50Hz supply and is experimentally validated in the laboratory.","Energy, Sustainability & Climate Change",Electric Vehicle Battery & Charging Systems,0.92,correct,yes,,,
15,69deca504e2d2a5b77edb52b,Interplay between hereditary and environmental factors to establish an in vitro disease model of keratoconus,"Keratoconus (KC) is a bilateral corneal dystrophy and a multifactorial, multigenic disorder with an etiology involving a strong environmental component and complex inheritance patterns. The underlying pathophysiology of KC is poorly understood because of potential crosstalk between genetic–epigenetic variants possibly triggered by the environmental factors. Here, we decode the etiopathological basis of KC using genomic, transcriptomic, proteomic and metabolic approaches. The lack of relevant models that accurately imitate this condition has been particularly limiting in terms of the effective management of KC. Tissue-engineered in vitro models of KC could address this need and generate valuable insights into its etiopathology for the establishment of disease models to accelerate drug discovery. The lack of ultrasensitive diagnostic strategies and the identification of definitive diagnostic markers are major challenges in keratoconus. management. However, understanding the etiopathology and insights into crosstalk between genetic, epigenetic, and hereditary factors could help to develop new strategies for drug discovery.",Healthcare & MedTech,Cellular & Molecular Biology,0.85,borderline,yes,In-vitro keratoconus model also fits tissue-engineering scope.,Healthcare & MedTech,Tissue Engineering & Regenerative Medicine
16,69deca0f4e2d2a5b77ed204b,A single source single phase SPV grid tied system employing 9-level ternary cascaded VSC,"This paper presents a single phase cascaded multilevel inverter for solar PV (SPV) grid interfaced systems. The proposed inverter consists of two H-bridge voltage source inverters (VSC) connected in cascade and are fed by a single solar photovoltaic array. Both the H-bridge VSC are connected to cascaded transformers, secondary windings of which are in ternary ratio such that 9 voltage levels are achieved. To control the proposed system, a simple decoupled current controller with an incremental conductance maximum power point tracking method is used. Both steady state and dynamic performance results in MATLAB Simulink are studied to verify the proposed system design and control algorithm.","Energy, Sustainability & Climate Change",Grid Integration & Smart Microgrids,0.92,correct,yes,,,
17,69deca5f4e2d2a5b77edd312,Power system frequency stabiliser for modern power systems,"Modern power system involves growing use of open channel communication in secondary frequency regulation which introduces time delay in the automatic generation control loop which may lead to system instability. This study proposes a novel power system frequency stabiliser (PSFS) which is a modified secondary controller in order to improve the system stability in the presence of large communication delays. An auxiliary signal is added to the secondary controller to provide additional damping. The gain of the controller is obtained by meta-heuristic methods. The proposed controller is first developed on a single area hydropower system and the same is then applied on the Western System Coordinating Council 3-machine, 9-bus power system. Furthermore, to show the effectiveness of the proposed PSFS in a large practical multi-area system; it is also applied to the IEEE 39-bus system. Results show that the proposed controller significantly improves the stability of a power system operating with large communication delay which is first considered as constant and then the stability improvement with the proposed PSFS in the presence of random communication delays is also shown. The PSFS performance is tested by the results obtained with MATLAB/Simulink simulations and further verified on a real-time simulator.",Smart & Sustainable Infrastructure,Power Systems & Grid Control,0.92,correct,yes,,,
18,69deca4a4e2d2a5b77eda779,High-rate space-time coded large MIMO systems: Low-complexity detection and performance,"Large MIMO systems with tens of antennas in each communication terminal using full-rate non-orthogonal space- time block codes (STBC) from Cyclic Division Algebras (CDA) can achieve the benefits of both transmit diversity as well as high spectral efficiencies. Maximum-likelihood (ML) or near- ML decoding of these large-sized STBCs at low complexities, however, has been a challenge. In this paper, we establish that near-ML decoding of these large STBCs is possible at practically affordable low complexities. We show that the likelihood ascent search (LAS) detector, reported earlier by us for V-BLAST, is able to achieve near-ML uncoded BER performance in decoding a 32 x 32 STBC from CDA, which employs 32 transmit antennas and sends 32<sup>2</sup> = 1024 complex data symbols in 32 time slots in one STBC matrix (i.e., 32 data symbols sent per channel use). In terms of coded BER, with a 16 x 16 STBC, rate-3/4 turbo code and 4-QAM (i.e., 24 bps/Hz), the LAS detector performs close to within just about 4 dB from the theoretical MIMO capacity. Our results further show that, with LAS detection, information lossless (ILL) STBCs perform almost as good as full-diversity ILL (FD-ILL) STBCs. Such low-complexity detectors can potentially enable implementation of high spectral efficiency large MIMO systems that could be considered in wireless standards. © 2008 IEEE.",Next-Gen Communication,"Signal Modulation, Detection & Channel Equalization",0.92,correct,yes,,,
19,69deca5e4e2d2a5b77edcfa9,Development of Dedicated Lubricant for Hydrogen Fuelled Spark Ignition Engine,"Hydrocarbon based fossil fuels are being used as the main energy resource, burning of which produces carbon dioxide (CO2) and other emissions harmful to environment. Moreover, CO2 is considered as the main contributor to global warming or greenhouse effect. These are the main drivers behind the ongoing research & development in the area of alternative energy sources. Among various alternatives, Hydrogen is identified as the most promising alternative fuel. Hydrogen is the cleanest fuel having some of the most attractive features such as various methods of production from renewable energy (solar, wind, biomass etc.), from fossil fuels etc. H2 as a fuel can be used in various applications such as spark ignition engine, fuel cells etc. Hydrogen has low ignition energy and ensures easy ignition of the ultra-lean mixture with air. The flame speed of hydrogen is about five times higher than methane and gasoline which allows hydrogen fuelled IC engines to have relatively reduced cyclic variations than that of with methane and gasoline. High flame speed also helps to make the combustion closer to constant volume which enhances the thermal efficiency of hydrogen fuelled IC engine. High octane of hydrogen makes it suitable as a fuel for Spark ignition (SI) engines. Since the hydrogen combustion in spark ignition engine generates water which can interfere with the lubricant performance, different lubricant is to be developed for this purpose. In this background, the present work is aimed at the development of dedicated lubricant for hydrogen fuelled SI engine. This paper presents the various parameters required for evaluating different lubricants for hydrogen fuelled genset. Existing CNG genset has been converted into hydrogen genset. State of the art electrical load bank panel system having PLC based automation with data logging provision for accurate measurement of testing parameters is used. It is suitable to apply desirable load in a balanced manner for adequate genset loading with minimised fluctuations. Three different lubricants were evaluated with respect to emissions such as CO, HC, NOx, Particulates, fuel consumption, BSFC etc. at different loads. Loads were increased in the interval of 1kW/step upto 10 kW. Lubricants were selected based on different chemistry, composition and ash content required for hydrogen fuelled SI engine. CO, HC, particulate emissions of varying diameter are observed even in carbon-less fuel vehicle due to the combustion of lube oil in engine. This effect of lube oil was studied in detail to determine the intensity of emissions produced in the engine since hydrogen has a very less particulate emission. The life of lubricant was established as it is prone to blow-by having high moisture content.",Manufacturing & Industry 4.0,Tribology & Bearing Performance,0.72,correct,yes,,,
20,69deca274e2d2a5b77ed5b8f,3D reconstruction of unstained weakly scattering cells from a single defocused hologram,"We investigate the problem of 3D complex field reconstruction corresponding to unstained red blood cells (RBCs) with a single defocused off-axis digital hologram. The main challenge in this problem is the localization of cells to the correct axial range. While investigating the volume recovery problem for a continuous phase object like the RBC, we observe an interesting feature of the backpropagated field that it does not show a clear focusing effect. Therefore, sparsity enforcement within the iterative optimization framework using a single hologram data frame cannot effectively restrict the reconstruction to the true object volume. For phase objects, it is known that the amplitude contrast of the backpropagated object field at the focus plane is minimum. We use this information available in the recovered object field in the hologram plane to device depth-dependent weights that are proportional to the inverse of amplitude contrast. This weight function is employed in the iterative steps of the optimization algorithm to assist the object volume localization. The overall reconstruction process is performed using the mean gradient descent (MGD) framework. Experimental illustrations of 3D volume reconstruction of the healthy as well as malaria-infected RBCs are presented. A test sample of polystyrene microsphere bead is also used to validate the axial localization capability of the proposed iterative technique. The proposed methodology is simple to implement experimentally and provides an approximate tomographic solution, which is axially restricted and consistent with the object field data.",Healthcare & MedTech,Clinical Diagnostics & Biomarkers,0.72,borderline,yes,Core contribution is computational holographic reconstruction.,Healthcare & MedTech,Clinical AI & Medical Imaging Analytics
21,69deca254e2d2a5b77ed5801,Thermodynamic analysis of thermoelectric generator including influence of Thomson effect and leg geometry configuration,"To improve the power output and efficiency of the thermoelectric generator system, the variation in the thermoelectric leg configuration is another option. In this paper, the thermodynamic analysis of exoreversible thermoelectric generator including influence of Thomson effect as well as influence of leg geometry on the power output and efficiency of the device has been carried out. The modified expressions for dimensionless figure of merit, power output, irreversibilities, energy and exergy efficiency considering Thomson effect have been derived analytically. The effects of various parameters such as dimensionless temperature ratio (θ), shape parameter (R<inf>A</inf>), Thomson effect and load resistance ratio (R<inf>L</inf>/R<inf>0</inf>) on the power output, energy and exergy efficiency have been studied. The operating range for shape parameter has been found which improves the power output, energy and exergy efficiency of the device, however, the optimum operating point corresponding to maximum power output is different from that of the maximum energy and exergy efficiency. The results of this study shows that when the shape parameter is increased from 1 (flat plate TEG) to 2 (trapezoidal TEG), then the energy and exergy efficiency improve by 2.32% and 2.31% respectively with a 1.3% decrease in power output at R<inf>L</inf>/R<inf>0</inf> = 10 and θ = 0.5. This study will help in designing of the improved thermoelectric generator systems for different leg geometries.","Energy, Sustainability & Climate Change",Energy Storage Materials,0.72,incorrect,yes,"Thermoelectric performance analysis, not storage-material research.","Energy, Sustainability & Climate Change",Solar Thermal Energy & Heat Transfer Systems
22,69deca164e2d2a5b77ed3213,Discrete-mode automatic generation control of a two-area reheat thermal system with new area control error,"This paper deals with discrete-node automatic generation control of an interconnected reheat thermal system considering a new area control error (ACEN) based on tie-power deviation, frequency deviation, time error and inadvertent interchange. Optimum integral and proportional integral controllers using the concept of stability margin and ISE technique have been obtained with conventional ACE and new ACE, and their dynamic performances compared for a step load perturbation. Results reveal that regulator based on the new ACE concept always guarantees zero steady statetime error and inadvertent interchange unlike in the case of a controller based on conventional ACE. The settling time for tie-power and frequency deviations is however, somewhat more with the controller based on new ACE. © 1989 IEEE",Smart & Sustainable Infrastructure,Power Systems & Grid Control,0.92,correct,yes,,,
23,69deca104e2d2a5b77ed234d,A review of three-phase improved power quality ac-dc converters,"Three-phase ac-dc converters have been developed to a matured level with improved power quality in terms of power-factor correction, reduced total harmonic distortion at input ac mains, and regulated dc output in buck, boost, buck-boost, multilevel, and multipulse modes with unidirectional and bidirectional power flow. This paper presents an exhaustive review of three-phase improved power quality ac-dc converters (IPQCs) configurations, control strategies, selection of components, comparative factors, recent trends, their suitability, and selection for specific applications. It is aimed at presenting a state of the art on the IPQC technology to researchers, designers, and application engineers dealing with three-phase ac-dc converters. A classified list of around 450 research articles on IPQCs is also appended for a quick reference.",Smart & Sustainable Infrastructure,Power Systems & Grid Control,0.92,borderline,yes,Converter-control review leans toward power-electronics domain.,Manufacturing & Industry 4.0,Electric Motor Drives & Power Electronics
24,69dec9fe4e2d2a5b77ecf78c,Robust portfolio optimization with second order stochastic dominance constraints,"A portfolio optimization problem equipped with stochastic dominance constraints creates optimal portfolio ideal for rational and risk-averse investors. This paper proposes a robust portfolio optimization model involving second-order stochastic dominance in constraints. The input returns of the assets are considered as uncertain parameters and are varied in symmetric and bounded intervals to construct an optimal robust portfolio. Although the resulting optimization model is a linear program, it involves a large number of constraints, thereby urging us to apply the cutting plane algorithm. We experimentally examine the performance of our model on datasets drawn from S=P 500, S=P BSE 500, Nikkei 225, S=P Global 100, FTSE 100, and BOVESPA index, and compare it with the corresponding non-robust counterpart model. The optimal portfolios from the proposed model are shown to yield better performance on several performance measures, including Sharpe ratio, STARR ratio, standard deviation, worst return, violation area in SSD, value at risk, and conditional value at risk. The results demonstrate the effectiveness and efficiency of the presented robust model.","Social Sciences, Humanities & Management",International Business & Finance,0.92,correct,yes,,,
25,69deca254e2d2a5b77ed5711,Effect of structural deformation on performance of marine propeller,"Propeller geometry is very crucial for its performance and a little deviation in shape can cause changes in its hydrodynamic performance. Hydrodynamic loading causes deformation to the propeller blades, which leads to change in shape. Effect of this change of shape on hydrodynamic performance of a propeller is being studied in the present paper. A five bladed bronze propeller is chosen for the analysis. Its open water effciency was estimated for original and deformed shape. Pressure based Reynold’s Averaged Navier Stokes (RANS) equation was solved for steady, incompressible, turbulent flow through the propeller. Numerical solution was obtained using Finite Volume Method (FVM) within Ansys Fluent software. FEM based solver of ANSYS Mechanical APDL was used to make the structural calculations. Fluid-structure interaction was incorporated in an iterative manner. The study however shows very little change in its hydrodynamic performance due to the deformation of propeller blades.",Manufacturing & Industry 4.0,Rotor Dynamics & Vibration Analysis,0.72,borderline,yes,Hydrodynamic propeller study only partly matches rotor-vibration.,Manufacturing & Industry 4.0,Fluid-Particle Flow & Multiphase Systems
26,69deca654e2d2a5b77ede2cf,Validating Meteosat Second Generation and Himawari-8 Derived Solar Irradiance against Ground Measurements: Solarad AI’s Approach,"This study assesses the efficacy of the Heliosat-2 algorithm for estimating solar radiation, comparing its outputs against ground measurements across seven distinct countries: the Netherlands, Spain, Japan, Namibia, South Africa, Saudi Arabia, and India. To achieve this, the study utilizes two distinct satellite data sources—Himawari-8 for Japan and Metosat Second Generation-MSG for the rest of the countries—and spanning the time between January 2022 and April 2024. A robust methodology for determining albedo parameters specific to Heliosat-2 was developed. During cloudy days, the estimates provided by Heliosat-2 generally exceeded the ground measurements in all of the countries. Conversely, on clear days, there was a tendency for underestimation, as indicated by the median values of the mean bias (MB) across most of the countries. The Heliosat-2 model slightly underestimates daily radiation values, with a median MB ranging from −27.5 to +10.2 W·m<sup>−2</sup>. Notably, the median root mean square error (RMSE) on clear days is significantly lower, with values ranging from 24.8 to 108.7 W·m<sup>−2</sup>, compared to cloudy days, for which RMSE values lie between 75.3 and 180.2 W·m<sup>−2</sup>. In terms of R<sup>2</sup> values, both satellites show strong correlations between the estimated and actual values, with a median value consistently above 0.86 on a monthly scale and over 92% of daily data points falling within ±2 standard deviations.","Energy, Sustainability & Climate Change",Solar Thermal Energy & Heat Transfer Systems,0.72,borderline,yes,Satellite irradiance validation is closer to remote-sensing assessment.,"Energy, Sustainability & Climate Change",Environmental Assessment & Land Use Management
27,69deca234e2d2a5b77ed5177,Nanosilver containing grafted bamboo rayon as antibacterial material,"Antibacterial textiles are gaining attention due to awareness of health and hygiene and also the requirement of protection from pathogenic bacterias. Silver nanoparticles can be best utilized for imparting such properties. As silver nanoparticles impart characteristic brown colour to substrates, material is more suitable for coloured antibacterial products. In the current study the bamboo rayon fabric was grafted with acrylamide using potassium persulfate (KPS) as an initiator and further treated with silver nitrate followed by borohydride reduction. The modified product was characterized using FTIR, TGA and SEM. The characteristic brownish tinge developed after reduction was measured spectrophotometrically. The grafted bamboo rayon with nanosilver was then evaluated for antibacterial activity against both gram positive and gram negative bacteria and durability of their antibacterial activity after washing. The product showed antibacterial activity against both types of bacterias which was found to be durable till 50 washes. © 2012 The Korean Fiber Society and Springer Science+Business Media Dordrecht.",Advanced Materials & Devices,Bio-based Materials & Polymers,0.92,correct,yes,,,
28,69deca494e2d2a5b77eda666,Trajectory selection for robotic applications,"Finding a smooth trajectory to move an object is necessary for object manipulation in robotics and automation. Since many alternative trajectories are possible to perform a task, an evaluation scheme to suggest the best trajectory for a given- Application becomes crucial. An evaluation technique of trajectories based on some performance characteristics of trajectories, viz. minimum travel time, path length of a robot end-effector between its initial and final configurations, RMS (Root Mean Square) value of joint accelerations, RMS value of joint torques and total work done for the given motion, is presented in this paper. Upon specification of a robot geometry, maximum speed of each joint, description of a desired motion, and a set of trajectories, a systematic evaluation of each trajectory is performed to determine the optimal trajectory for the given robot.",Manufacturing & Industry 4.0,Rotor Dynamics & Vibration Analysis,0.45,incorrect,no,"Robot trajectory selection is control/optimization, not rotor dynamics.","AI/ML, Supercomputing & Quantum Computing",Control Systems & Linear Dynamical Systems
29,69deca404e2d2a5b77ed8e0a,Simulation of double Claus furnace to increase sulfur recovery and reduce the number of catalytic units in sulfur recovery units,"Sulfur compounds present in crude oil and gas are absorbed primarily in the form of acid gas (H2S and CO2) and then converted to elemental sulfur in the sulfur recovery units (SRU). To comply with the increasing environmental standards on sulfur emissions, SRUs are required to achieve Sulfur recovery efficiency ranging from 98% to 99.99%. The existing technologies for higher sulfur recovery induce very high cost additions to an already economically deficient SRU. To reduce the SRU costs, a modified thermal section is proposed in this study to increase the sulfur recovery efficiency in the relatively inexpensive Claus furnace in order to reduce the number of expensive catalytic units required to meet the environmental standards. The modified SRU is based on double-stage acid gas combustion taking place in two Claus furnaces, along with the intermediate withdrawal of sulfur and H2O exiting the first furnace. The SRU’s conventional and modified thermal sections are simulated using industrial plant data and a detailed reaction mechanism. Compared to the conventional thermal section, Sulfur recovery efficiency increased from 63% to 75% due to a shift in the Claus equilibrium reactions towards Sulfur production (2H2S + SO2 3S + 2H2O), as both H2O and sulfur were withdrawn in the modified case. To determine the overall Sulfur recovery efficiency, the 2-stage and 3-stage catalytic sections combined with the conventional or modified thermal sections were simulated. In comparison, the overall Sulfur recovery efficiency (thermal + catalytic sections) in the modified thermal section increased remarkably from 96.5% to 98% with the 2-stage and from 97.6% to 98.6% with the 3-stage catalytic units. The higher amount of sulfur captured in the modified thermal section resulted in the decreased concentrations of H2S, SO2, H2, CO and H2O in the effluent gas, which helped to reduce the processing load/requirements in catalytic units. These results will assist in providing guidelines to reduce the number of expensive catalytic units to decrease the operating cost of SRUs.",Manufacturing & Industry 4.0,Fluid-Particle Flow & Multiphase Systems,0.72,correct,yes,,,
30,69deca294e2d2a5b77ed6067,How the Aptitude of Workers Affects Construction Labor Productivity,"Aptitude is the potential to demonstrate the ability to perform a certain kind of work at a certain level. While several studies have highlighted the relationship between aptitude and employee performance, very few have tested such a relationship using empirical data, especially in the construction domain. Therefore, to address this gap, this study attempts to establish the relationship between construction workers' aptitudes and their productivity. To achieve this aim, first the aptitude of the workers was measured using a general aptitude test battery (GATB). Second, the productivity of the same workers was measured via direct observation at construction sites. Subsequently, by applying various regression models to the data collected on 112 workers, best-fit curves were developed between aptitude and observed productivity. The results revealed that the physical aptitude of the workers impacts performance more than mental aptitude. Moreover, spatial and clerical perception have a negative impact on performance. The study concludes that aptitude is an important performance indicator of any construction worker, and thus, to enhance labor productivity, contractors must ensure the availability of high-aptitude workers on site.","Social Sciences, Humanities & Management",Supply Chain & Operations Management,0.75,correct,yes,,,
31,69deca454e2d2a5b77ed9acd,An overview on established and emerging biogas upgradation systems for improving biomethane quality,"Biogas polishing succeeding its production has become a mandate to achieve fuel quality equivalent to conventional fuels. Various physical and chemical biogas upgradation systems have been developed over the past few decades and are available commercially. However, the available technologies have their limitations with respect to the resource, costs, and energy requirements. Recently, newer methane enrichment technologies based on biological processes have emerged. The research development over these techniques has flourished because of their cost-effectiveness and energy-efficient characteristics. Thus, the biological biogas upgradation systems are expected to be developed soon, which is still under laboratory investigation. This chapter focuses on the principles of upgradation of biogas by applying the trending microbial methane enrichment, bio-electrochemical, and algal-based photosynthetic upgradation systems.","Energy, Sustainability & Climate Change",Biomass & Biofuel Technologies,0.92,correct,yes,,,
32,69deca514e2d2a5b77edb907,Impact of Workplace Spirituality on Knowledge Sharing Intention: A Conceptual Framework,"Knowledge forms a crucial source for gaining competitive advantage and its sharing a dominant challenge facing several organizations. In this paper we propose a positive role of workplace spirituality (WPS) (at individual and collective levels) on knowledge sharing intention (KSI) by employing the theory of decomposed planned behaviour. We argue that WPS with its focus on inner spirit, meaningful work, sense of interconnectedness and alignment with organizational values and mission positively strengthens an individual's knowledge sharing attitude, subjective norms and perceived behavioural controls (thereby, strengthening their KSI) by affecting the underlying behavioural, normative and control beliefs. We also take into account the role of transformational leadership (TL) in creating a pro-social working environment, which facilitates knowledge sharing. In proposing a holistic and multi-level framework linking WPS (at individual and collective levels) and TL with KSI, this paper contributes to both, knowledge sharing and WPS literatures.","Social Sciences, Humanities & Management",Digital Transformation & IT Applications,0.75,incorrect,yes,Organizational behavior framework with limited IT-system substance.,"Social Sciences, Humanities & Management",Development Economics & Social Welfare
33,6a26bf0b2b6042b76389bbae,Design of hydrodynamically lubricated a new micro-pocketed tilting pad thrust bearing based on simulated performance parameters,,Manufacturing & Industry 4.0,Tribology & Bearing Performance,0.92,borderline,yes,Title suggests tribology; missing abstract limits confidence.,Manufacturing & Industry 4.0,Tribology & Bearing Performance
34,69deca054e2d2a5b77ed06cf,Fast Dynamic Control of V2X Enabled AC Connected Level-2 EV Chargers,"AC connected level-2 Electrical Vehicle (EV) chargers are in demand due to low cost and moderate charging time. Bidirectional power carrying capability enables the chargers to carry out V2X operation. This increases the utilization of charger and EV for various ancillary services as well. Hence, such chargers may also lead to earning revenue for the user. This paper proposes 4-leg AC connected bidirectional level-2 charger with constant current (CC) and constant voltage (CV) modes of operation during charging and discharging. An algorithm is also proposed for ensuring transient-free transition from one mode to another while maintaining fast dynamic response. The proposed topology and algorithm are verified through simulations on a 15-kW charger model. Results pertaining to various modes of operation are presented to reinforce the claims.","Energy, Sustainability & Climate Change",Electric Vehicle Battery & Charging Systems,0.95,correct,yes,,,
35,69deca0e4e2d2a5b77ed1e8f,IFLL based control for PV system at adverse grid conditions,"This work proposes a control algorithm based on improved frequency locked loop (IFLL) applied to single stage grid connected solar photovoltaic (PV) system at adverse grid situations like voltage distortion, voltage swell/sag etc. The proposed IFLL control algorithm extracts the grid voltage fundamental component, under various adverse grid conditions like voltage distortion and voltage swell/sag. For a single stage system, during dynamics, a fixed gain PI (Proportional-Integral) controller doesn't provide satisfactory performance. Thus, a shuffled frog leaping algorithm tuned PI (SFLAPI) controller is used to overcome the disadvantages of PI controller with fixed gains. The VSC (Voltage Source Converter) of PV system, supplies the PV energy to the grid even under the worst situations of voltage distortion and voltage swell/ sag. An incremental conductance (INC) based MPPT (Maximum Power Point Tracking) is used for the peak power extraction from the PV array. Tests are conducted under various odd states like voltage distortion and voltage swell/sag, insolation change etc. and for the same, a prototype is built in the research laboratory. Performance of proposed system is found to be satisfactory, as recommended by the IEEE-519 and IEEE-1547 standards.","Energy, Sustainability & Climate Change",Grid Integration & Smart Microgrids,0.92,correct,yes,,,
36,69deca254e2d2a5b77ed57f1,Parametric optimization of concentrated photovoltaic-thermoelectric hybrid system,"The current cutting edge in photovoltaic technology states that the conversion efficiency of photovoltaic (PV) systems has inverse relation and thermoelectric systems has direct relation with temperature. Therefore, cascading of thermoelectric (TE) systems with concentrated photovoltaic (CPV) systems has the potential to improve the total power output of CPV system by effectively utilizing the solar spectrum. The excess thermal energy of the PV system can be utilized as heat input in thermoelectric system to generate power. In this chapter, a thermodynamic model based on the first and second laws of thermodynamics for concentrated photovoltaic-thermoelectric (CPV-TE) hybrid system has been developed and analysed in a MATLAB Simulink environment. Further, the parametric optimization has been carried out to improve the overall performance of the hybrid system. The effect of concentration ratio, resistance ratio, thermal resistance between the TE module and the environment and the thermal resistance between the PV and TE modules has been discussed.","Energy, Sustainability & Climate Change",Next-Generation Photovoltaic Materials,0.85,borderline,yes,"CPV-thermoelectric chapter is system thermal analysis, not materials.","Energy, Sustainability & Climate Change",Solar Thermal Energy & Heat Transfer Systems
37,69deca154e2d2a5b77ed2de0,Comparative thermodynamic analysis of a direct vapor generation solar organic Rankine cycle synergistically integrated with latent heat storage for different working fluids,"This study conducts a novel thermodynamic analysis to evaluate and compare the critical thermodynamic performance metrics of a direct vapor generation-based solar organic Rankine cycle synergistically integrated with phase change material-based latent heat storage systems, utilizing two appropriately selected working fluids, R134a and R717, for critical months of January and June. The analysis is performed numerically through dynamic simulations in MATLAB. A novel ranking and selection of optimal phase change material is conducted from a set of 38 phase change materials based on seven thermophysical properties using the technique for order preference by similarity to ideal solution method. The results demonstrated that using R134a as a working fluid led to 22% and 41% higher overall system efficiency and 32% and 42% higher net electrical power outputs than R717 for January and June, respectively. In January, the system achieved a capacity utilization factor of 0.90 and 0.88 for R134a and R717, respectively. Furthermore, using R717, the system demonstrates a marginal increase and decrease of approximately 1.26% and 2% in overall evacuated tube collector efficiency compared to R134a in January and June, respectively. Barium hydroxide octahydrate attained a performance score of 0.7459, securing the top position among the 38 phase change materials. In January, during non-sunny hours, the latent heat storage system utilizing barium hydroxide octahydrate as phase change material generates 2.36 kWh and 1.83 kWh of electrical energy. In contrast, it produces 1.68 kWh and 1.03 kWh of electrical energy in June using R134a and R717, respectively.","Energy, Sustainability & Climate Change",Solar Thermal Energy & Heat Transfer Systems,0.92,correct,yes,,,
38,69deca354e2d2a5b77ed7a19,Sentence completion using Text Prediction systems,"Text Prediction for sentence completion is a widely used method to enhance the speed of communication as well as reducing the total time taken to compose text. This paper briefly describes the approaches, design and implementation issues involved, as well as the factors and parameters that determine effectiveness of a system. The information is then used to build a software system, capable of modeling text data, in order to generate predictions in real-time. By using a pure statistical approach, we generate N-gram models that are adaptive to users by applying instance based learning. Details of the software development method, used to prototype and iteratively build a highly effective system, are provided.","AI/ML, Supercomputing & Quantum Computing",Natural Language Processing & Information Retrieval,0.92,correct,yes,,,
39,69deca064e2d2a5b77ed09a3,Recent advances in molecular imprinting technique based fiber optic biosensors,"Selectivity or specificity of the biosensors is one of the most important requirements. In recent years, molecular imprinting technique (MIT) has become very attractive for specific sensing of analyte because of its several advantages over the bio-receptors (antibodies and enzymes) that are being used. The advantages are better temperature stability, robustness, reproducibility, high affinity, and low cost in addition to the main advantage of selectivity. Surface plasmon resonance (SPR), localized surface plasmon resonance (LSPR), lossy mode resonance (LMR), evanescent wave, fiber gratings and interferometry techniques have been widely exploited for optical sensing of analytes due to their high sensitivity. The integration of MIT with these optical techniques on optical fiber provides several advantages such as compact size, lightweight probe, online monitoring and remote sensing capability. In the last two decades, MIT based fiber optic biosensors have been developed using the aforementioned optical sensing techniques. In this review, we present recent advances in MIT based fiber optic biosensors utilizing various optical techniques. The underlying principles and applications of MIT for specific sensing and an update on recent findings and achievements have been discussed. In addition, the review includes the limitations, challenges and future directions of this technique.",Quantum Technologies & Semiconductor Technology,Plasmonic & Fiber Optic Sensors,0.92,borderline,yes,Fiber-optic biosensor review can also map to clinical biosensors.,Healthcare & MedTech,Clinical Biosensors & Point-of-Care Devices
40,69deca0b4e2d2a5b77ed16db,Effect of nozzle shape on bubble column reactor with constant flow rate,"The present investigation is focused on the bubble formation from different shaped nozzles: straight nozzle, straight converging nozzle, straight diverging nozzle, converging nozzle, and submerged nozzle, with a constant flow rate of 0.008 m/s and static contact angle of 45°, respectively. The effective dimension of the nozzle has been taken as 2 mm radius and 3 mm height. The impact of varying nozzle shapes on changes in bubble volume and the occurrence of different pinch-off times have been observed. A maximum pinch-off time of 1.854 s on straight nozzle and minimum of 0.078 s on converge nozzle with bubble volumes 111.36 mm<sup>3</sup> and 62.12 mm<sup>3</sup> was obtained. Maximum bubble volume attained from diverging nozzle was 123.21 mm<sup>3</sup> with optimum pinch-off time, which is highly useful for bioreactor application.",Manufacturing & Industry 4.0,Fluid-Particle Flow & Multiphase Systems,0.85,correct,yes,,,
41,69deca224e2d2a5b77ed5077,A methodological framework to analyze the impact of blockchain affordances on sustainable–resilient pharmaceutical supply chain performance,"Purpose – This research proposes a methodological framework to analyze the impact of blockchain technology (BT) affordances on sustainable–resilient pharmaceutical supply chain performance (SRPSCP). Design/methodology/approach – This research uses a mixed-method approach. Sustainability Development Goal#3 (SDG#3) guides the SRPSCP conceptualization. Data from academic and grey literature have been collected for the conceptual framework. Primary qualitative data from 3 groups of 4 experts (totaling 12) and secondary qualitative data from web scrawling have been collected for the analytical framework. Findings – Analysis reveals the positive and negative effects of blockchain affordances on cost. Specifically, the affordances of visibility and resilience are most effective in minimizing costs. Also, automation impacts SRPSCP the most, followed by visibility, resilience, aggregation and validation. And visibility emerges as the most influential affordance affecting reliability, while automation, aggregation, validation and resilience contribute to varying extents. Practical implications – Managers can justify the initial expenditure on BT to stakeholders by highlighting cumulative advantages and cost reductions over time. BT enabled visibility and automation, contributing highly to maintaining high service levels. BT implementation assures the reliability of pharmaceutical products, streamlines the process of recalling products and enables quick settlement of false accusations by leveraging its improved traceability. Originality/value – This work is the first to use a mix of technology affordance, network and transaction cost theory. The proposed framework can help academicians and decision-makers to explore, analyze and rationalize the impact of BT implication on PSC performance when assessed with existing non-Web 3.0 technologies.","Social Sciences, Humanities & Management",Supply Chain & Operations Management,0.95,correct,yes,,,
42,69deca0d4e2d2a5b77ed1ba9,A non-isolated onboard charger for electric vehicle,"A non-isolated onboard charger (OBC) using the interleaved bidirectional buck/boost converter is presented in this work. The bidirectional operation of the charger enhances the serviceability of light electric vehicles (LEVs). During the peak load time, it gives the power to the grid. Moreover, it behaves as the power backup source for the home loads, i.e., vehicle to home operation (V2H). The proposed OBC operates to deliver 1kW power. The interleaved operation is implemented to lessen the ripples from the battery current.","Energy, Sustainability & Climate Change",Electric Vehicle Battery & Charging Systems,0.95,correct,yes,,,
43,69deca514e2d2a5b77edb97e,The Concept and Measure of Sukha–Dukha: An Indian Perspective on Well-Being,"Identifying the dearth of research and tools on Indian perspective on happiness, we constructed a test on the concepts of sukha and dukha, theorizing them based on various Indian ancient texts. The study was conducted in three stages: a pilot study (n = 150), a main study (n = 300), and a validation study (n = 201). The participants were mainly from urban and semiurban settings. Exploratory factor analysis revealed four factors on both the Sukha and Dukha scales. Our scales are psychometrically robust with high internal consistency (Sukha: α = 0.86; Dukha: α = 0.91). The scales also demonstrated concurrent validity, as significant negative correlations were found between dukha and the Scale of Positive and Negative Experiences–Positive (r = −0.35, p <.01) and the Flourishing Scale (r = −0.40, p <.01) and positive correlations were observed between sukha and the Scale of Positive and Negative Experiences–Positive (r = 0.53, p <.01) and the Flourishing Scale (r = 0.55, p <.01). Our proposed model also fits the data well in subsequent confirmatory factor analyses thus adding to its robustness. Our test aims to bridge the theory–data disconnect in indigenous psychology and open relevant psychology concepts embedded in the Indian theory for cross-cultural testing.","Social Sciences, Humanities & Management",Cultural Studies & Ethnography,0.78,borderline,yes,Well-being psychometrics overlaps social-welfare measurement.,"Social Sciences, Humanities & Management",Development Economics & Social Welfare
44,69deca234e2d2a5b77ed50a9,Inventory management of perishable products: A time decay linked logistic approach,"This paper proposes a logistic-based approach to a class of inventory problems with shortages and time decay functions. Time decay and shortages are a common phenomena in products with short life cycles, and financial volatility necessitates more accurate characterisation of inventory costs based on time-adjusted value. In this paper an extended approach of Wagner-Whitin (WW) is used to determine lot sizes, replenishment cycle, and schedules. A sensitivity analysis of the proposed optimisation procedure has been conducted to justify its advantages. © 2013 Copyright Taylor and Francis Group, LLC.","Social Sciences, Humanities & Management",Supply Chain & Operations Management,0.95,correct,yes,,,
45,69deca1e4e2d2a5b77ed44d5,"Correlation of sp 3 and sp 2 fraction of carbon with electrical, optical and nano-mechanical properties of argon-diluted diamond-like carbon films","In the present work the correlation of electrical, optical and nano-mechanical properties of argon-diluted diamond-like carbon (Ar-DLC) thin films with sp <sup>3</sup> and sp <sup>2</sup> fractions of carbon have been explored. These Ar-DLC thin films have been deposited, under varying C <inf>2</inf> H <inf>2</inf> gas pressures from 25 to 75 mTorr, by radio frequency-plasma enhanced chemical vapor deposition technique. X-ray photoelectron spectroscopy studies are performed to estimate the sp <sup>3</sup> and sp <sup>2</sup> fractions of carbon by deconvoluting C 1s core level spectra. Various electrical, optical and nano-mechanical parameters such as conductivity, I-V characteristics, optical band gap, stress, hardness, elastic modulus, plastic resistance parameter, elastic recovery and plastic deformation energy have been estimated and then correlated with calculated sp <sup>3</sup> and sp <sup>2</sup> fractions of carbon and sp <sup>3</sup> /sp <sup>2</sup> ratios. Observed tremendous electrical, optical and nano-mechanical properties in Ar-DLC films deposited under high base pressure conditions made it a cost effective material for not only hard and protective coating applications but also for electronic and optoelectronic applications. © 2011 Elsevier B.V. All rights reserved.",Advanced Materials & Devices,Ion Beam & Thin Film Engineering,0.85,correct,yes,,,
46,69deca5e4e2d2a5b77edd07e,Performance evaluation of PIN + OA and APD receivers in multi-wavelength CDMA and WaCDMA networks,"In this paper, the performance of multi-wavelength optical orthogonal code division multiple access (MWOCDMA) communication network and hybrid wavelength code division multiple access (WaCDMA) network are investigated. In both the networks, transmitted signal is coupled into a dispersion shifted fiber (DSF) which in turn is coupled to either a PIN + OA or an APD receiver. The expression for probability of error for the above receiver configurations in MWOCDMA and WaCDMA networks are derived taking into consideration various sources of receiver noise, multiple user interference and four wave mixing (FWM) effects. It is observed that for a given number of users, MWOCDMA networks with PIN + OA receiver and WaCDMA networks with APD receiver are preferred to achieve a required performance. Further, the former give improved performance as compared to the latter with the level of improvement depending upon the number of users for which the network is to be designed. This is valid for all values of link loss. However, at higher values of link loss, FWM effect becomes dominant since the transmitted power is high and it leads to a smaller range of input transmitted power levels for a given number of users and performance requirement. © 2001 Published by Elsevier Science B.V.",Next-Gen Communication,"Signal Modulation, Detection & Channel Equalization",0.85,correct,yes,,,
47,69deca1c4e2d2a5b77ed3fcd,"E-cigarette use related lung disease, review of clinical and imaging findings in 3 cases","Electronic-cigarette use (vaping), has gained popularity among the young adult population, causing an alarming rise in electronic-cigarette, or vaping, product use-associated lung injury (EVALI). The specific chemical agent(s) responsible for lung injuries remains to be further investigated, but tetrahydrocannabinol, the active ingredient in marijuana, and vitamin E acetate are involved in most cases. A variety of pulmonary diseases causing different imaging findings have been described with EVALI. The clinical and imaging findings of three cases recently seen in our emergency department are reviewed.",Healthcare & MedTech,Clinical Diagnostics & Biomarkers,0.85,correct,yes,,,
48,69deca4f4e2d2a5b77edb2f7,"Lead-free (K, Na, Li) NbO3/NiFe2O4 thin films by pulsed laser deposition: Structure, dielectric, magnetic and magnetodielectric behavior","In this paper we propose the fabrication of eco-friendly (1-x) (K, Na, Li) NbO<inf>3</inf>-xNiFe<inf>2</inf>O<inf>4</inf> (KNNL-NFO) thin films on Pt/Si substrate with (x = 0.01, 0.02, 0.03, and 0.04) as target source by Pulsed Laser Deposition (PLD) technique. Structural analysis carried out by X-ray diffraction and Raman spectroscopy method confirmed the perovskite phase of KNNL and ferrite phase for NFO of the composite films. Chemical state evaluated by X-ray photoelectron spectroscopy confirmed the presence of Fe<sup>3+</sup> along with minor Fe<sup>2+</sup> ions. These films exhibit a clear magnetic hysteresis behavior and with increasing ferrite composition the saturation magnetization increases and sufficiently large room temperature magnetodielectric (MD) constant with low losses are obtained. Exchange between thermally activated charge carriers created by hole-electron pair in d-orbital satisfying Maxwell-Wagner polarization was observed during room temperature dielectric permittivity measurements. All the composite films exhibit poor saturation polarization and leakage current was found to be decrease with increasing ferrite composition. Ac conductivity plot infers hopping mechanism to be responsible for the conduction process obeying Jonscher's power law.",Advanced Materials & Devices,Ferroelectric & Magnetic Ceramics,0.92,correct,yes,,,
49,69deca3b4e2d2a5b77ed8316,Modified forward only counterpropogation network (MFOCPN) for improved color quantization by entropy based sub-clustering,"Reduction of the image colors, which is also called color quantization (CQ), has been the focus of recent research interest. It is as an integral part of various digital image related areas such as compression, segmentation etc.. Neural networks play a significant role in either assisting conventional color quantization techniques or providing standalone solutions for color quantization. In the present work three new algorithms have been proposed using modified forward only counterpropogation network (MFOCPN). These algorithms introduce, 1) sub-clustering in Kohonen layer for enhancing the clustering process, 2) a new entropy metric based initialization of the Kohonen layer for efficient color-map design and faster convergence of network. Further, the two approaches are merged, to yield third algorithm to achieve better results. The proposed algorithms have been tested on standard test image. ©2007 IEEE.","AI/ML, Supercomputing & Quantum Computing",Machine Learning & Neural Networks,0.92,correct,yes,,,
50,69dec9f74e2d2a5b77ece862,Use of microwave radiometry for monitoring the alpine environment,Variations of physical parameters which may affect the monitoring of Alpine environment using miocrowave radiometry are discussed in the present paper. We consider four different models of snow surfaces in the Alpine regions and have study the nature of variations observed by the passive radiometric device. Usually the air-snow interface is considered for evaluating radiometric response. It is shown that this assumption is not strictly valid and a transition interface is formed due to changes in the atmospheric variations over the snow covered Alpine surface. Radiometric implications of remote sensing in the frequency range of 3-37 GHz are discussed. -Authors,"Energy, Sustainability & Climate Change",Environmental Assessment & Land Use Management,0.72,correct,yes,,,
